Model,Test MSE,Test R2
RandomForest_Final,0.1626341620448982,0.8079476717902455
XGBoost_Final,0.14775523470890586,0.8255179817436501
SVR_Final,0.16380408688997508,0.8065661244726197
